Source,Target
https://sof.to/,https://sof.to/./
https://sof.to/,https://sof.to/./
https://sof.to/,https://sof.to/services/
https://sof.to/,https://sof.to/devteam-as-a-service/
https://sof.to/,https://sof.to/cto-as-a-service/
https://sof.to/,https://sof.to/software-project-development/
https://sof.to/,https://sof.to/clients/
https://sof.to/,https://sof.to/about/
https://sof.to/,https://sof.to/contact/
https://sof.to/,https://sof.to/hiring/
https://sof.to/,https://sof.to/#
https://sof.to/,https://sof.to/en/
https://sof.to/,https://sof.to/services/
https://sof.to/,https://sof.to/http://www.apsis.com.br
https://sof.to/,https://sof.to/http://www.rupee.com.br
https://sof.to/,https://sof.to/http://www.rio2c.com
https://sof.to/,https://sof.to/http://capta.io
https://sof.to/,https://sof.to/http://www.leadgrid.io
https://sof.to/,https://sof.to/http://livexperts.com.br
https://sof.to/,https://sof.to/#
https://sof.to/,https://sof.to/#
https://sof.to/,https://sof.to/#
https://sof.to/,https://sof.to/devteam-as-a-service/
https://sof.to/,https://sof.to/cto-as-a-service/
https://sof.to/,https://sof.to/devteam-as-a-service/
https://sof.to/,https://sof.to/#lbcontact
https://sof.to/,https://sof.to/cto-as-a-service/
https://sof.to/,https://sof.to/#lbcontact
https://sof.to/,https://sof.to/#
https://sof.to/,https://sof.to/
https://sof.to/,https://sof.to/services/
https://sof.to/,https://sof.to/devteam-as-a-service/
https://sof.to/,https://sof.to/cto-as-a-service/
https://sof.to/,https://sof.to/software-project-development/
https://sof.to/,https://sof.to/clients/
https://sof.to/,https://sof.to/about/
https://sof.to/,https://sof.to/contact/
https://sof.to/,https://sof.to/hiring/
https://sof.to/en/,https://sof.to/./
https://sof.to/en/,https://sof.to/./
https://sof.to/en/,https://sof.to/services/
https://sof.to/en/,https://sof.to/devteam-as-a-service/
https://sof.to/en/,https://sof.to/cto-as-a-service/
https://sof.to/en/,https://sof.to/software-project-development/
https://sof.to/en/,https://sof.to/clients/
https://sof.to/en/,https://sof.to/about/
https://sof.to/en/,https://sof.to/contact/
https://sof.to/en/,https://sof.to/hiring/
https://sof.to/en/,https://sof.to/#
https://sof.to/en/,https://sof.to/../
https://sof.to/en/,https://sof.to/services/
https://sof.to/en/,https://sof.to/http://www.apsis.com.br
https://sof.to/en/,https://sof.to/http://www.rupee.com.br
https://sof.to/en/,https://sof.to/http://www.rio2c.com
https://sof.to/en/,https://sof.to/http://capta.io
https://sof.to/en/,https://sof.to/http://www.leadgrid.io
https://sof.to/en/,https://sof.to/http://livexperts.com.br
https://sof.to/en/,https://sof.to/#
https://sof.to/en/,https://sof.to/#
https://sof.to/en/,https://sof.to/#
https://sof.to/en/,https://sof.to/devteam-as-a-service/
https://sof.to/en/,https://sof.to/cto-as-a-service/
https://sof.to/en/,https://sof.to/devteam-as-a-service/
https://sof.to/en/,https://sof.to/#lbcontact
https://sof.to/en/,https://sof.to/cto-as-a-service/
https://sof.to/en/,https://sof.to/#lbcontact
https://sof.to/en/,https://sof.to/#
https://sof.to/en/,https://sof.to/
https://sof.to/en/,https://sof.to/services/
https://sof.to/en/,https://sof.to/devteam-as-a-service/
https://sof.to/en/,https://sof.to/cto-as-a-service/
https://sof.to/en/,https://sof.to/software-project-development/
https://sof.to/en/,https://sof.to/clients/
https://sof.to/en/,https://sof.to/about/
https://sof.to/en/,https://sof.to/contact/
https://sof.to/en/,https://sof.to/hiring/
https://sof.to/services/,https://sof.to/../
https://sof.to/services/,https://sof.to/../
https://sof.to/services/,https://sof.to/../services/
https://sof.to/services/,https://sof.to/../devteam-as-a-service/
https://sof.to/services/,https://sof.to/../cto-as-a-service/
https://sof.to/services/,https://sof.to/../software-project-development/
https://sof.to/services/,https://sof.to/../clients/
https://sof.to/services/,https://sof.to/../about/
https://sof.to/services/,https://sof.to/../contact/
https://sof.to/services/,https://sof.to/../hiring/
https://sof.to/services/,https://sof.to/#
https://sof.to/services/,https://sof.to/../en/
https://sof.to/services/,https://sof.to/../devteam-as-a-service/
https://sof.to/services/,https://sof.to/../cto-as-a-service/
https://sof.to/services/,https://sof.to/../software-project-development/
https://sof.to/services/,https://sof.to/../
https://sof.to/services/,https://sof.to/../services/
https://sof.to/services/,https://sof.to/../devteam-as-a-service/
https://sof.to/services/,https://sof.to/../cto-as-a-service/
https://sof.to/services/,https://sof.to/../software-project-development/
https://sof.to/services/,https://sof.to/../clients/
https://sof.to/services/,https://sof.to/../about/
https://sof.to/services/,https://sof.to/../contact/
https://sof.to/services/,https://sof.to/../hiring/
https://sof.to/,https://sof.to/./
https://sof.to/,https://sof.to/./
https://sof.to/,https://sof.to/services/
https://sof.to/,https://sof.to/devteam-as-a-service/
https://sof.to/,https://sof.to/cto-as-a-service/
https://sof.to/,https://sof.to/software-project-development/
https://sof.to/,https://sof.to/clients/
https://sof.to/,https://sof.to/about/
https://sof.to/,https://sof.to/contact/
https://sof.to/,https://sof.to/hiring/
https://sof.to/,https://sof.to/#
https://sof.to/,https://sof.to/en/
https://sof.to/,https://sof.to/services/
https://sof.to/,https://sof.to/http://www.apsis.com.br
https://sof.to/,https://sof.to/http://www.rupee.com.br
https://sof.to/,https://sof.to/http://www.rio2c.com
https://sof.to/,https://sof.to/http://capta.io
https://sof.to/,https://sof.to/http://www.leadgrid.io
https://sof.to/,https://sof.to/http://livexperts.com.br
https://sof.to/,https://sof.to/#
https://sof.to/,https://sof.to/#
https://sof.to/,https://sof.to/#
https://sof.to/,https://sof.to/devteam-as-a-service/
https://sof.to/,https://sof.to/cto-as-a-service/
https://sof.to/,https://sof.to/devteam-as-a-service/
https://sof.to/,https://sof.to/#lbcontact
https://sof.to/,https://sof.to/cto-as-a-service/
https://sof.to/,https://sof.to/#lbcontact
https://sof.to/,https://sof.to/#
https://sof.to/,https://sof.to/
https://sof.to/,https://sof.to/services/
https://sof.to/,https://sof.to/devteam-as-a-service/
https://sof.to/,https://sof.to/cto-as-a-service/
https://sof.to/,https://sof.to/software-project-development/
https://sof.to/,https://sof.to/clients/
https://sof.to/,https://sof.to/about/
https://sof.to/,https://sof.to/contact/
https://sof.to/,https://sof.to/hiring/
https://sof.to/hiring/,https://sof.to/../
https://sof.to/hiring/,https://sof.to/../
https://sof.to/hiring/,https://sof.to/../services/
https://sof.to/hiring/,https://sof.to/../devteam-as-a-service/
https://sof.to/hiring/,https://sof.to/../cto-as-a-service/
https://sof.to/hiring/,https://sof.to/../software-project-development/
https://sof.to/hiring/,https://sof.to/../clients/
https://sof.to/hiring/,https://sof.to/../about/
https://sof.to/hiring/,https://sof.to/../contact/
https://sof.to/hiring/,https://sof.to/../hiring/
https://sof.to/hiring/,https://sof.to/#
https://sof.to/hiring/,https://sof.to/../en/
https://sof.to/hiring/,https://sof.to/../
https://sof.to/hiring/,https://sof.to/../services/
https://sof.to/hiring/,https://sof.to/../devteam-as-a-service/
https://sof.to/hiring/,https://sof.to/../cto-as-a-service/
https://sof.to/hiring/,https://sof.to/../software-project-development/
https://sof.to/hiring/,https://sof.to/../clients/
https://sof.to/hiring/,https://sof.to/../about/
https://sof.to/hiring/,https://sof.to/../contact/
https://sof.to/hiring/,https://sof.to/../hiring/
https://sof.to/software-project-development/,https://sof.to/../
https://sof.to/software-project-development/,https://sof.to/../
https://sof.to/software-project-development/,https://sof.to/../services/
https://sof.to/software-project-development/,https://sof.to/../devteam-as-a-service/
https://sof.to/software-project-development/,https://sof.to/../cto-as-a-service/
https://sof.to/software-project-development/,https://sof.to/../software-project-development/
https://sof.to/software-project-development/,https://sof.to/../clients/
https://sof.to/software-project-development/,https://sof.to/../about/
https://sof.to/software-project-development/,https://sof.to/../contact/
https://sof.to/software-project-development/,https://sof.to/../hiring/
https://sof.to/software-project-development/,https://sof.to/#
https://sof.to/software-project-development/,https://sof.to/../en/
https://sof.to/software-project-development/,https://sof.to/#lbcontact
https://sof.to/software-project-development/,https://sof.to/#lbcontact
https://sof.to/software-project-development/,https://sof.to/../
https://sof.to/software-project-development/,https://sof.to/../services/
https://sof.to/software-project-development/,https://sof.to/../devteam-as-a-service/
https://sof.to/software-project-development/,https://sof.to/../cto-as-a-service/
https://sof.to/software-project-development/,https://sof.to/../software-project-development/
https://sof.to/software-project-development/,https://sof.to/../clients/
https://sof.to/software-project-development/,https://sof.to/../about/
https://sof.to/software-project-development/,https://sof.to/../contact/
https://sof.to/software-project-development/,https://sof.to/../hiring/
https://sof.to/about/,https://sof.to/../
https://sof.to/about/,https://sof.to/../
https://sof.to/about/,https://sof.to/../services/
https://sof.to/about/,https://sof.to/../devteam-as-a-service/
https://sof.to/about/,https://sof.to/../cto-as-a-service/
https://sof.to/about/,https://sof.to/../software-project-development/
https://sof.to/about/,https://sof.to/../clients/
https://sof.to/about/,https://sof.to/../about/
https://sof.to/about/,https://sof.to/../contact/
https://sof.to/about/,https://sof.to/../hiring/
https://sof.to/about/,https://sof.to/#
https://sof.to/about/,https://sof.to/../en/
https://sof.to/about/,https://sof.to/../contact/
https://sof.to/about/,https://sof.to/http://www.leadgrid.io
https://sof.to/about/,https://sof.to/../devteam-as-a-service/
https://sof.to/about/,https://sof.to/ctoaas
https://sof.to/about/,https://sof.to/../services/
https://sof.to/about/,https://sof.to/../
https://sof.to/about/,https://sof.to/../services/
https://sof.to/about/,https://sof.to/../devteam-as-a-service/
https://sof.to/about/,https://sof.to/../cto-as-a-service/
https://sof.to/about/,https://sof.to/../software-project-development/
https://sof.to/about/,https://sof.to/../clients/
https://sof.to/about/,https://sof.to/../about/
https://sof.to/about/,https://sof.to/../contact/
https://sof.to/contact/,https://sof.to/../
https://sof.to/contact/,https://sof.to/../
https://sof.to/contact/,https://sof.to/../services/
https://sof.to/contact/,https://sof.to/../devteam-as-a-service/
https://sof.to/contact/,https://sof.to/../cto-as-a-service/
https://sof.to/contact/,https://sof.to/../software-project-development/
https://sof.to/contact/,https://sof.to/../clients/
https://sof.to/contact/,https://sof.to/../about/
https://sof.to/contact/,https://sof.to/../contact/
https://sof.to/contact/,https://sof.to/../hiring/
https://sof.to/contact/,https://sof.to/#
https://sof.to/contact/,https://sof.to/../en/
https://sof.to/contact/,https://sof.to/../
https://sof.to/contact/,https://sof.to/../services/
https://sof.to/contact/,https://sof.to/../devteam-as-a-service/
https://sof.to/contact/,https://sof.to/../cto-as-a-service/
https://sof.to/contact/,https://sof.to/../software-project-development/
https://sof.to/contact/,https://sof.to/../clients/
https://sof.to/contact/,https://sof.to/../about/
https://sof.to/contact/,https://sof.to/../contact/
https://sof.to/contact/,https://sof.to/../hiring/
https://sof.to/cto-as-a-service/,https://sof.to/../
https://sof.to/cto-as-a-service/,https://sof.to/../
https://sof.to/cto-as-a-service/,https://sof.to/../services/
https://sof.to/cto-as-a-service/,https://sof.to/../devteam-as-a-service/
https://sof.to/cto-as-a-service/,https://sof.to/../cto-as-a-service/
https://sof.to/cto-as-a-service/,https://sof.to/../software-project-development/
https://sof.to/cto-as-a-service/,https://sof.to/../clients/
https://sof.to/cto-as-a-service/,https://sof.to/../about/
https://sof.to/cto-as-a-service/,https://sof.to/../contact/
https://sof.to/cto-as-a-service/,https://sof.to/../hiring/
https://sof.to/cto-as-a-service/,https://sof.to/#
https://sof.to/cto-as-a-service/,https://sof.to/../en/
https://sof.to/cto-as-a-service/,https://sof.to/#lbcontact
https://sof.to/cto-as-a-service/,https://sof.to/#lbcontact
https://sof.to/cto-as-a-service/,https://sof.to/../
https://sof.to/cto-as-a-service/,https://sof.to/../services/
https://sof.to/cto-as-a-service/,https://sof.to/../devteam-as-a-service/
https://sof.to/cto-as-a-service/,https://sof.to/../cto-as-a-service/
https://sof.to/cto-as-a-service/,https://sof.to/../software-project-development/
https://sof.to/cto-as-a-service/,https://sof.to/../clients/
https://sof.to/cto-as-a-service/,https://sof.to/../about/
https://sof.to/devteam-as-a-service/,https://sof.to/../
https://sof.to/devteam-as-a-service/,https://sof.to/../
https://sof.to/devteam-as-a-service/,https://sof.to/../services/
https://sof.to/devteam-as-a-service/,https://sof.to/../devteam-as-a-service/
https://sof.to/devteam-as-a-service/,https://sof.to/../cto-as-a-service/
https://sof.to/devteam-as-a-service/,https://sof.to/../software-project-development/
https://sof.to/devteam-as-a-service/,https://sof.to/../clients/
https://sof.to/devteam-as-a-service/,https://sof.to/../about/
https://sof.to/devteam-as-a-service/,https://sof.to/../contact/
https://sof.to/devteam-as-a-service/,https://sof.to/../hiring/
https://sof.to/devteam-as-a-service/,https://sof.to/#
https://sof.to/devteam-as-a-service/,https://sof.to/../en/
https://sof.to/devteam-as-a-service/,https://sof.to/#lbcontact
https://sof.to/devteam-as-a-service/,https://sof.to/#lbcontact
https://sof.to/devteam-as-a-service/,https://sof.to/../
https://sof.to/devteam-as-a-service/,https://sof.to/../services/
https://sof.to/devteam-as-a-service/,https://sof.to/../devteam-as-a-service/
https://sof.to/devteam-as-a-service/,https://sof.to/../cto-as-a-service/
https://sof.to/devteam-as-a-service/,https://sof.to/../software-project-development/
https://sof.to/devteam-as-a-service/,https://sof.to/../clients/
https://sof.to/devteam-as-a-service/,https://sof.to/../about/
https://sof.to/clients/,https://sof.to/../
https://sof.to/clients/,https://sof.to/../
https://sof.to/clients/,https://sof.to/../services/
https://sof.to/clients/,https://sof.to/../devteam-as-a-service/
https://sof.to/clients/,https://sof.to/../cto-as-a-service/
https://sof.to/clients/,https://sof.to/../software-project-development/
https://sof.to/clients/,https://sof.to/../clients/
https://sof.to/clients/,https://sof.to/../about/
https://sof.to/clients/,https://sof.to/../contact/
https://sof.to/clients/,https://sof.to/../hiring/
https://sof.to/clients/,https://sof.to/#
https://sof.to/clients/,https://sof.to/../en/
https://sof.to/clients/,https://sof.to/#
https://sof.to/clients/,https://sof.to/../
https://sof.to/clients/,https://sof.to/../services/
https://sof.to/clients/,https://sof.to/../devteam-as-a-service/
https://sof.to/clients/,https://sof.to/../cto-as-a-service/
https://sof.to/clients/,https://sof.to/../software-project-development/
https://sof.to/clients/,https://sof.to/../clients/
https://sof.to/clients/,https://sof.to/../about/
https://sof.to/clients/,https://sof.to/../contact/
https://sof.to/clients/,https://sof.to/../hiring/
https://sof.to/about/,https://sof.to/../hiring/
https://sof.to/cto-as-a-service/,https://sof.to/../contact/
https://sof.to/cto-as-a-service/,https://sof.to/../hiring/
https://sof.to/devteam-as-a-service/,https://sof.to/../contact/
https://sof.to/devteam-as-a-service/,https://sof.to/../hiring/
https://sof.to/en/contact/,https://sof.to/../
https://sof.to/en/contact/,https://sof.to/../
https://sof.to/en/contact/,https://sof.to/../services/
https://sof.to/en/contact/,https://sof.to/../devteam-as-a-service/
https://sof.to/en/contact/,https://sof.to/../cto-as-a-service/
https://sof.to/en/contact/,https://sof.to/../software-project-development/
https://sof.to/en/contact/,https://sof.to/../clients/
https://sof.to/en/contact/,https://sof.to/../about/
https://sof.to/en/contact/,https://sof.to/../contact/
https://sof.to/en/contact/,https://sof.to/../hiring/
https://sof.to/en/contact/,https://sof.to/#
https://sof.to/en/contact/,https://sof.to/../../
https://sof.to/en/contact/,https://sof.to/../
https://sof.to/en/contact/,https://sof.to/../services/
https://sof.to/en/contact/,https://sof.to/../devteam-as-a-service/
https://sof.to/en/contact/,https://sof.to/../cto-as-a-service/
https://sof.to/en/contact/,https://sof.to/../software-project-development/
https://sof.to/en/contact/,https://sof.to/../clients/
https://sof.to/en/contact/,https://sof.to/../about/
https://sof.to/en/contact/,https://sof.to/../contact/
https://sof.to/en/contact/,https://sof.to/../hiring/
https://sof.to/en/devteam-as-a-service/,https://sof.to/../
https://sof.to/en/devteam-as-a-service/,https://sof.to/../
https://sof.to/en/devteam-as-a-service/,https://sof.to/../services/
https://sof.to/en/devteam-as-a-service/,https://sof.to/../devteam-as-a-service/
https://sof.to/en/devteam-as-a-service/,https://sof.to/../cto-as-a-service/
https://sof.to/en/devteam-as-a-service/,https://sof.to/../software-project-development/
https://sof.to/en/devteam-as-a-service/,https://sof.to/../clients/
https://sof.to/en/devteam-as-a-service/,https://sof.to/../about/
https://sof.to/en/devteam-as-a-service/,https://sof.to/../contact/
https://sof.to/en/devteam-as-a-service/,https://sof.to/../hiring/
https://sof.to/en/devteam-as-a-service/,https://sof.to/#
https://sof.to/en/devteam-as-a-service/,https://sof.to/../../
https://sof.to/en/devteam-as-a-service/,https://sof.to/#lbcontact
https://sof.to/en/devteam-as-a-service/,https://sof.to/#lbcontact
https://sof.to/en/devteam-as-a-service/,https://sof.to/../
https://sof.to/en/devteam-as-a-service/,https://sof.to/../services/
https://sof.to/en/devteam-as-a-service/,https://sof.to/../devteam-as-a-service/
https://sof.to/en/devteam-as-a-service/,https://sof.to/../cto-as-a-service/
https://sof.to/en/devteam-as-a-service/,https://sof.to/../software-project-development/
https://sof.to/en/devteam-as-a-service/,https://sof.to/../clients/
https://sof.to/en/devteam-as-a-service/,https://sof.to/../about/
https://sof.to/en/devteam-as-a-service/,https://sof.to/../contact/
https://sof.to/en/devteam-as-a-service/,https://sof.to/../hiring/
https://sof.to/en/about/,https://sof.to/../
https://sof.to/en/about/,https://sof.to/../
https://sof.to/en/about/,https://sof.to/../services/
https://sof.to/en/about/,https://sof.to/../devteam-as-a-service/
https://sof.to/en/about/,https://sof.to/../cto-as-a-service/
https://sof.to/en/about/,https://sof.to/../software-project-development/
https://sof.to/en/about/,https://sof.to/../clients/
https://sof.to/en/about/,https://sof.to/../about/
https://sof.to/en/about/,https://sof.to/../contact/
https://sof.to/en/about/,https://sof.to/../hiring/
https://sof.to/en/about/,https://sof.to/#
https://sof.to/en/about/,https://sof.to/../../
https://sof.to/en/about/,https://sof.to/../contact/
https://sof.to/en/about/,https://sof.to/http://www.leadgrid.io
https://sof.to/en/about/,https://sof.to/../devteam-as-a-service/
https://sof.to/en/about/,https://sof.to/../cto-as-a-service/
https://sof.to/en/about/,https://sof.to/../services/
https://sof.to/en/about/,https://sof.to/../
https://sof.to/en/about/,https://sof.to/../services/
https://sof.to/en/about/,https://sof.to/../devteam-as-a-service/
https://sof.to/en/about/,https://sof.to/../cto-as-a-service/
https://sof.to/en/about/,https://sof.to/../software-project-development/
https://sof.to/en/software-project-development/,https://sof.to/../
https://sof.to/en/software-project-development/,https://sof.to/../
https://sof.to/en/software-project-development/,https://sof.to/../services/
https://sof.to/en/software-project-development/,https://sof.to/../devteam-as-a-service/
https://sof.to/en/software-project-development/,https://sof.to/../cto-as-a-service/
https://sof.to/en/software-project-development/,https://sof.to/../software-project-development/
https://sof.to/en/software-project-development/,https://sof.to/../clients/
https://sof.to/en/software-project-development/,https://sof.to/../about/
https://sof.to/en/software-project-development/,https://sof.to/../contact/
https://sof.to/en/software-project-development/,https://sof.to/../hiring/
https://sof.to/en/software-project-development/,https://sof.to/#
https://sof.to/en/software-project-development/,https://sof.to/../../
https://sof.to/en/software-project-development/,https://sof.to/#lbcontact
https://sof.to/en/software-project-development/,https://sof.to/#lbcontact
https://sof.to/en/software-project-development/,https://sof.to/../
https://sof.to/en/software-project-development/,https://sof.to/../services/
https://sof.to/en/software-project-development/,https://sof.to/../devteam-as-a-service/
https://sof.to/en/software-project-development/,https://sof.to/../cto-as-a-service/
https://sof.to/en/software-project-development/,https://sof.to/../software-project-development/
https://sof.to/en/software-project-development/,https://sof.to/../clients/
https://sof.to/en/software-project-development/,https://sof.to/../about/
https://sof.to/en/software-project-development/,https://sof.to/../contact/
https://sof.to/en/software-project-development/,https://sof.to/../hiring/
https://sof.to/en/clients/,https://sof.to/../
https://sof.to/en/clients/,https://sof.to/../
https://sof.to/en/clients/,https://sof.to/../services/
https://sof.to/en/clients/,https://sof.to/../devteam-as-a-service/
https://sof.to/en/clients/,https://sof.to/../cto-as-a-service/
https://sof.to/en/clients/,https://sof.to/../software-project-development/
https://sof.to/en/clients/,https://sof.to/../clients/
https://sof.to/en/clients/,https://sof.to/../about/
https://sof.to/en/clients/,https://sof.to/../contact/
https://sof.to/en/clients/,https://sof.to/../hiring/
https://sof.to/en/clients/,https://sof.to/#
https://sof.to/en/clients/,https://sof.to/../../
https://sof.to/en/clients/,https://sof.to/#
https://sof.to/en/clients/,https://sof.to/../
https://sof.to/en/clients/,https://sof.to/../services/
https://sof.to/en/clients/,https://sof.to/../devteam-as-a-service/
https://sof.to/en/clients/,https://sof.to/../cto-as-a-service/
https://sof.to/en/clients/,https://sof.to/../software-project-development/
https://sof.to/en/clients/,https://sof.to/../clients/
https://sof.to/en/clients/,https://sof.to/../about/
https://sof.to/en/clients/,https://sof.to/../contact/
https://sof.to/en/clients/,https://sof.to/../hiring/
https://sof.to/en/services/,https://sof.to/../
https://sof.to/en/services/,https://sof.to/../
https://sof.to/en/services/,https://sof.to/../services/
https://sof.to/en/services/,https://sof.to/../devteam-as-a-service/
https://sof.to/en/services/,https://sof.to/../cto-as-a-service/
https://sof.to/en/services/,https://sof.to/../software-project-development/
https://sof.to/en/services/,https://sof.to/../clients/
https://sof.to/en/services/,https://sof.to/../about/
https://sof.to/en/services/,https://sof.to/../contact/
https://sof.to/en/services/,https://sof.to/../hiring/
https://sof.to/en/services/,https://sof.to/#
https://sof.to/en/services/,https://sof.to/../../
https://sof.to/en/services/,https://sof.to/../devteam-as-a-service/
https://sof.to/en/services/,https://sof.to/../cto-as-a-service/
https://sof.to/en/services/,https://sof.to/../software-project-development/
https://sof.to/en/services/,https://sof.to/../
https://sof.to/en/services/,https://sof.to/../services/
https://sof.to/en/services/,https://sof.to/../devteam-as-a-service/
https://sof.to/en/services/,https://sof.to/../cto-as-a-service/
https://sof.to/en/services/,https://sof.to/../software-project-development/
https://sof.to/en/services/,https://sof.to/../clients/
https://sof.to/en/services/,https://sof.to/../about/
https://sof.to/en/services/,https://sof.to/../contact/
https://sof.to/en/services/,https://sof.to/../hiring/
https://sof.to/en/hiring/,https://sof.to/../
https://sof.to/en/hiring/,https://sof.to/../
https://sof.to/en/hiring/,https://sof.to/../services/
https://sof.to/en/hiring/,https://sof.to/../devteam-as-a-service/
https://sof.to/en/hiring/,https://sof.to/../cto-as-a-service/
https://sof.to/en/hiring/,https://sof.to/../software-project-development/
https://sof.to/en/hiring/,https://sof.to/../clients/
https://sof.to/en/hiring/,https://sof.to/../about/
https://sof.to/en/hiring/,https://sof.to/../contact/
https://sof.to/en/hiring/,https://sof.to/../hiring/
https://sof.to/en/hiring/,https://sof.to/#
https://sof.to/en/hiring/,https://sof.to/../../
https://sof.to/en/hiring/,https://sof.to/../
https://sof.to/en/hiring/,https://sof.to/../services/
https://sof.to/en/hiring/,https://sof.to/../devteam-as-a-service/
https://sof.to/en/hiring/,https://sof.to/../cto-as-a-service/
https://sof.to/en/hiring/,https://sof.to/../software-project-development/
https://sof.to/en/hiring/,https://sof.to/../clients/
https://sof.to/en/hiring/,https://sof.to/../about/
https://sof.to/en/hiring/,https://sof.to/../contact/
https://sof.to/en/hiring/,https://sof.to/../hiring/
https://sof.to/en/cto-as-a-service/,https://sof.to/../
https://sof.to/en/cto-as-a-service/,https://sof.to/../
https://sof.to/en/cto-as-a-service/,https://sof.to/../services/
https://sof.to/en/cto-as-a-service/,https://sof.to/../devteam-as-a-service/
https://sof.to/en/cto-as-a-service/,https://sof.to/../cto-as-a-service/
https://sof.to/en/cto-as-a-service/,https://sof.to/../software-project-development/
https://sof.to/en/cto-as-a-service/,https://sof.to/../clients/
https://sof.to/en/cto-as-a-service/,https://sof.to/../about/
https://sof.to/en/cto-as-a-service/,https://sof.to/../contact/
https://sof.to/en/cto-as-a-service/,https://sof.to/../hiring/
https://sof.to/en/cto-as-a-service/,https://sof.to/#
https://sof.to/en/cto-as-a-service/,https://sof.to/../../
https://sof.to/en/cto-as-a-service/,https://sof.to/#lbcontact
https://sof.to/en/cto-as-a-service/,https://sof.to/#lbcontact
https://sof.to/en/cto-as-a-service/,https://sof.to/../
https://sof.to/en/cto-as-a-service/,https://sof.to/../services/
https://sof.to/en/cto-as-a-service/,https://sof.to/../devteam-as-a-service/
https://sof.to/en/cto-as-a-service/,https://sof.to/../cto-as-a-service/
https://sof.to/en/cto-as-a-service/,https://sof.to/../software-project-development/
https://sof.to/en/cto-as-a-service/,https://sof.to/../clients/
https://sof.to/en/about/,https://sof.to/../clients/
https://sof.to/en/about/,https://sof.to/../about/
https://sof.to/en/about/,https://sof.to/../contact/
https://sof.to/en/about/,https://sof.to/../hiring/
https://sof.to/en/cto-as-a-service/,https://sof.to/../about/
https://sof.to/en/cto-as-a-service/,https://sof.to/../contact/
https://sof.to/en/cto-as-a-service/,https://sof.to/../hiring/
